id,text_raw,created_at,source,like_counts,articleId,userId,userName,gender,userHomeUrl
5302884671164707,,2026-05-26 18:01:31,北京,1,5302884291838879,6325846742,默燚先生,男,https://weibo.com/u/6325846742
5302902069398316,,2026-05-26 19:10:39,河南,0,5302884291838879,7752541130,额咳得,男,https://weibo.com/u/7752541130
5298861512067210,碰撞出的乐曲感觉很好玩,2026-05-15 15:34:55,河南,0,5298768513600994,5353225589,深秋叶静好美,女,https://weibo.com/u/5353225589
5298861432112791,果然手搓的乐曲就是美妙,2026-05-15 15:34:36,河南,0,5298768513600994,5655414763,贝贝好吃卜,女,https://weibo.com/u/5655414763
5298861417696444,你们我的世界玩家这是要考研啊没谁了[允悲],2026-05-15 15:34:33,河南,0,5298768513600994,6112739838,花散里呀,女,https://weibo.com/u/6112739838
5298861385976561,不用乐器也成曲山野气息满是惬意,2026-05-15 15:34:25,河南,0,5298768513600994,7622980198,小兔子小老虎小牛牛,男,https://weibo.com/u/7622980198
5298861331711942,当你脆弱时你的惨叫对别人来说都是音乐,2026-05-15 15:34:12,河南,0,5298768513600994,5237331118,没有船票我与你游,女,https://weibo.com/u/5237331118
5298861092111387,撒旦小时候哭着要听的摇篮曲,2026-05-15 15:33:15,河南,0,5298768513600994,7832348148,蓝妹妹的小精灵啊,女,https://weibo.com/u/7832348148
5298860893146633,还挺好听,2026-05-15 15:32:28,广东,0,5298768513600994,7890744025,南方小土豆iii,男,https://weibo.com/u/7890744025
5298860880824897,村民和羊在MC里成了乐队,2026-05-15 15:32:25,河北,0,5298768513600994,6372750559,旺仔小三金,女,https://weibo.com/u/6372750559
5298860870076061,怎么感觉莫名的好听呢,2026-05-15 15:32:22,河南,0,5298768513600994,7196991125,汐乐诗,女,https://weibo.com/u/7196991125
5298861436307797,对音乐人一点威胁也没有[doge],2026-05-15 15:34:37,四川,0,5298768513600994,7776321691,因为月亮在天上,女,https://weibo.com/u/7776321691
5298861382043073,多听几遍满脑子都是这个声音,2026-05-15 15:34:24,福建,0,5298768513600994,7826638157,专业给藕片钻孔,女,https://weibo.com/u/7826638157
5298861379947560,撒旦进行曲,2026-05-15 15:34:24,四川,0,5298768513600994,7880485209,淡淡的少吃点辣,女,https://weibo.com/u/7880485209
5298861065371997,这游戏好好玩的样子啊跟着一起玩一玩,2026-05-15 15:33:08,上海,0,5298768513600994,5648195939,心里装着美好很满足,女,https://weibo.com/u/5648195939
5298860922765804,好像在玩音游,2026-05-15 15:32:34,湖南,0,5298768513600994,7829639009,是轻轻呀呀呀呀,女,https://weibo.com/u/7829639009
5298860920145696,我现在理解为什么反派说尖叫让人享受是乐章了,2026-05-15 15:32:34,福建,0,5298768513600994,7925096874,为你千万次心跳,女,https://weibo.com/u/7925096874
5298860903891471,没想到村民和羊也能组成交响乐团,2026-05-15 15:32:29,安徽,0,5298768513600994,7948421203,原价票降临我手心,女,https://weibo.com/u/7948421203
5298860891308518,音乐界来了一个无关紧要的人抽象界却失去了它的耶路撒冷,2026-05-15 15:32:26,天津,0,5298768513600994,5659701419,拾属雨,女,https://weibo.com/u/5659701419
5298860885020554,老一辈艺术家还在坚持手搓,2026-05-15 15:32:26,湖南,0,5298768513600994,7579436029,一口橙子加咖啡,女,https://weibo.com/u/7579436029
5298860848841644,石头被撞的都红了石头一定很疼吧太残忍了看不得这些,2026-05-15 15:32:17,安徽,0,5298768513600994,7784970231,天使出现在我的十六岁,女,https://weibo.com/u/7784970231
5298860807425431,开头我以为是badapple,2026-05-15 15:32:07,河南,0,5298768513600994,7786410698,山水画水果,女,https://weibo.com/u/7786410698
5301790498359396,大头儿子[哼],2026-05-23 17:33:40,河北,0,5301704488911098,2641320465,独孤祈年,男,https://weibo.com/u/2641320465
5301713982459744,都是我的世界[哈哈],2026-05-23 12:29:37,江苏,0,5301704488911098,2811498363,Eric_辰辰辰,男,https://weibo.com/u/2811498363
5301714760763963,滏河北大街[嘻嘻]一游[太开心],2026-05-23 12:32:43,河北,0,5301704488911098,3625602003,Gongke977,男,https://weibo.com/u/3625602003
5301780791692335,真好看,2026-05-23 16:55:06,山东,0,5301704488911098,6338033569,01宝宝爱喝酸奶,男,https://weibo.com/u/6338033569
5301759595250883,都好看,2026-05-23 15:30:52,浙江,0,5301704488911098,2411426234,少年palapa,男,https://weibo.com/u/2411426234
5301744541106728,[舔屏][舔屏][舔屏],2026-05-23 14:31:02,安徽,0,5301704488911098,1725379373,苏幕遮-晨,男,https://weibo.com/u/1725379373
5301718736699467,第二张这么好看,2026-05-23 12:48:30,河北,0,5301704488911098,6579572479,所踪邱隘ll,男,https://weibo.com/u/6579572479
5300020162598579,这个纱巾是啥意思,2026-05-18 20:18:59,北京,4,5300012873418134,1931553061,-000122509-,女,https://weibo.com/u/1931553061
5300022981427581,你不要过来啊,2026-05-18 20:30:10,福建,2,5300012873418134,5462595147,拉黑后又是一场胜利,男,https://weibo.com/u/5462595147
5300704459624197,官宣,2026-05-20 17:38:08,四川,5,5300703597695338,7396847542,傻猪猪三次方yi,女,https://weibo.com/u/7396847542
5300704810894025,最新物料也有我的世界,2026-05-20 17:39:31,贵州,3,5300703597695338,6123975560,MingMing-Lovely,女,https://weibo.com/u/6123975560
5300704033900970,这算官宣么,2026-05-20 17:36:27,山西,1,5300703597695338,8237657353,果茶三分温,女,https://weibo.com/u/8237657353
5300707914946887,恒铭CP的新歌和电影都太可了这个月钱包要空空了[笑cry][笑cry][笑cry][语音评论6],2026-05-20 17:51:52,AI吃瓜罗伯特,0,5300703597695338,5606716867,吃瓜罗伯特,女,https://weibo.com/u/5606716867
5301499178520761,已经开玩了,2026-05-22 22:16:04,河南,0,5300703597695338,7601398720,MercuryEclipse,女,https://weibo.com/u/7601398720
5300764693239823,一直在强调[偷笑],2026-05-20 21:37:29,云南,1,5300703597695338,1881158095,王梓州,男,https://weibo.com/u/1881158095
5300711990494933,还有这个符号,2026-05-20 18:08:04,广东,2,5300703597695338,6579708854,JO宝呀,女,https://weibo.com/u/6579708854
5301766967007871,啊啊啊啊[爱慕]误把官宣当糖磕[哇],2026-05-23 16:00:10,河北,0,5300703597695338,7976074056,煜刈煜忧,女,https://weibo.com/u/7976074056
5300763623688258,我去官宣了,2026-05-20 21:33:14,江苏,1,5300703597695338,8020573604,惹到传惹,女,https://weibo.com/u/8020573604
5300722821500288,陈奕恒何意味呢不管了99,2026-05-20 18:51:06,广东,2,5300703597695338,8226624912,铭年東有奕场雨,女,https://weibo.com/u/8226624912
5300716392419626,震撼首发,2026-05-20 18:25:33,湖南,1,5300703597695338,6431905511,镜界救世主,女,https://weibo.com/u/6431905511
5301822870001202,一语双关,2026-05-23 19:42:18,江西,0,5300703597695338,7947894134,-我馒猪呢-,女,https://weibo.com/u/7947894134
5301455093498215,恒铭,2026-05-22 19:20:52,安徽,0,5300703597695338,5204152903,小铭奕面,女,https://weibo.com/u/5204152903
5300968388300021,虽然希望真是如此但,2026-05-21 11:06:54,四川,0,5300703597695338,7559280099,Yoke_Bob,男,https://weibo.com/u/7559280099
5302662803489299,邀请小杨梅来降雪指南,2026-05-26 03:19:54,河南,17,5302662297813232,6323356959,桃啵祁,男,https://weibo.com/u/6323356959
5302956186406103,[爱慕][爱慕],2026-05-26 22:45:42,江西,1,5302662297813232,7219240664,风中听晚,女,https://weibo.com/u/7219240664
5302662704922881,收录[给你小心心],2026-05-26 03:19:30,河南,18,5302662297813232,6323356959,桃啵祁,男,https://weibo.com/u/6323356959
5302662411059500,博肖平平安安健健康康快快乐乐每一天顺顺利利万事胜意岁岁常欢愉,2026-05-26 03:18:20,山东,14,5302662297813232,7954711160,博君一肖99999995,女,https://weibo.com/u/7954711160
5302814154953304,天塌了还有爱在,2026-05-26 13:21:19,江苏,2,5302662297813232,7892847053,降雪指南,女,https://weibo.com/u/7892847053
5302696321482821,早上好帅帅哒,2026-05-26 05:33:05,黑龙江,2,5302662297813232,7880289765,好想变成一只鸟o,女,https://weibo.com/u/7880289765
5302664531281694,顺顺利利健健康康,2026-05-26 03:26:46,河南,8,5302662297813232,6189312209,桃啵欢心_,女,https://weibo.com/u/6189312209
5302663014778020,酷这就是你的风格气场全开不被定义,2026-05-26 03:20:44,AI生成内容,3,5302662297813232,7895995798,小太阳盛阳,男,https://weibo.com/u/7895995798
5302742400110426,博君一肖顺顺利利健健康康博君一肖[超话],2026-05-26 08:36:11,吉林,2,5302662297813232,7925263454,莫北同学-,女,https://weibo.com/u/7925263454
5302730643736324,顺顺利利,2026-05-26 07:49:28,浙江,2,5302662297813232,7819196627,齐琑琑,女,https://weibo.com/u/7819196627
5300078137053033,wtf坠母大神,2026-05-19 00:09:21,重庆,1,5299852932287653,6509879347,cCccaaAaaaattT,女,https://weibo.com/u/6509879347
5299955925254983,厕宝还我十万美刀,2026-05-18 16:03:43,广东,0,5299852932287653,7434489045,観測者A,女,https://weibo.com/u/7434489045
5298496630688624,真的是太会画了,2026-05-14 15:25:01,广东,5,5298486006515650,1317104192,YYX阿璇,女,https://weibo.com/u/1317104192
5298494345578584,我的化妆技术有她一成也行啊,2026-05-14 15:15:56,福建,5,5298486006515650,5668110859,anDear丿,男,https://weibo.com/u/5668110859
5299994451249188,好好玩,2026-05-18 18:36:49,广东,0,5298486006515650,5092751017,好多鱼鳞,女,https://weibo.com/u/5092751017
5298524290023651,我看到了好强的美术功底,2026-05-14 17:14:54,河南,1,5298486006515650,7954820140,草头_nmd,女,https://weibo.com/u/7954820140
5302157662486790,广西直接下了一周今天又大太阳特别热,2026-05-24 17:52:38,广西,1,5302152067028679,7799059910,遇冬添笔望夏归,女,https://weibo.com/u/7799059910
5302153078116066,月球来的朋友你好,2026-05-24 17:34:26,江西,1,5302152067028679,7404802101,渡所野,女,https://weibo.com/u/7404802101
5302170868256096,武汉下暴雨了,2026-05-24 18:45:07,湖北,1,5302152067028679,7622233395,唯一音,女,https://weibo.com/u/7622233395
5302159409418263,杭州也在下雨又热又闷我想晕倒,2026-05-24 17:59:35,浙江,1,5302152067028679,7066330111,说给清风你的名字,女,https://weibo.com/u/7066330111
5302159119487693,取消上课[憧憬],2026-05-24 17:58:26,江西,1,5302152067028679,6785403147,你说话像是在撒娇呀,女,https://weibo.com/u/6785403147
5302154403251485,我们这边都淹了块水到我大腿了[泪奔],2026-05-24 17:39:42,安徽,1,5302152067028679,6587742976,祈礼恋,男,https://weibo.com/u/6587742976
5302154233384814,到我怀里[流鼻血],2026-05-24 17:39:01,浙江,1,5302152067028679,5574423631,小困不修無情道,男,https://weibo.com/u/5574423631
5302470189256011,我为你挡雨,2026-05-25 14:34:31,浙江,0,5302152067028679,7906646475,十七添望信,女,https://weibo.com/u/7906646475
5302182931074511,这里快被水淹了[捂嘴哭],2026-05-24 19:33:03,江苏,0,5302152067028679,7851298432,来吃一口添望猫-许愿翻牌做法版,女,https://weibo.com/u/7851298432
5303136751192732,[送花花][送花花],2026-05-27 10:43:12,上海,0,5303136723668556,7374285809,W4_w10,女,https://weibo.com/u/7374285809
5303137105347043,哥哥的新戏啥时候开机呀等得花儿都谢了[泪][语音评论5],2026-05-27 10:44:36,AI吃瓜罗伯特,0,5303136539379773,5606716867,吃瓜罗伯特,女,https://weibo.com/u/5606716867
5303136579224799,眼底藏星光温柔且明亮,2026-05-27 10:42:31,泰国,0,5303136539379773,7881037529,happysocute,女,https://weibo.com/u/7881037529
5303137137066399,林沐然,2026-05-27 10:44:43,江苏,0,5303136539379773,6473104512,谁用了我的符号,女,https://weibo.com/u/6473104512
5303136643189853,[鼓掌],2026-05-27 10:42:46,陕西,0,5303136375541289,7875788435,清慕糖,男,https://weibo.com/u/7875788435
5303136407260564,[送花花][送花花],2026-05-27 10:41:50,中国台湾,0,5303136375541289,2092927805,我愛大肚腩大鼻子,女,https://weibo.com/u/2092927805
5303117684935109,有道理,2026-05-27 09:27:26,四川,0,5303115483188004,1062927602,枫林2046,男,https://weibo.com/u/1062927602
5303132921794816,相互信任快乐的生活,2026-05-27 10:27:59,陕西,1,5303110784519994,7595914852,平城阿平,男,https://weibo.com/u/7595914852
5303121179839488,感谢精彩分享[鲜花][鲜花],2026-05-27 09:41:19,浙江,1,5303110784519994,5807200866,星晨菜行,女,https://weibo.com/u/5807200866
5303110985585044,爱意满满只愿与你相伴,2026-05-27 09:00:49,江苏,1,5303110784519994,5401207244,释情笺,男,https://weibo.com/u/5401207244
5303114720608645,早安,2026-05-27 09:15:38,陕西,1,5303110784519994,6698875609,锋回路转369,男,https://weibo.com/u/6698875609
5303112111227122,我心中有一片曠野晨露與薄霧彌漫寂靜且豐盈人民日報,2026-05-27 09:05:16,中国香港,1,5303110784519994,7335692190,心之所向隨遇而安2020,男,https://weibo.com/u/7335692190
5303112073481020,早晨好友週三快樂,2026-05-27 09:05:08,中国香港,1,5303110784519994,7335692190,心之所向隨遇而安2020,男,https://weibo.com/u/7335692190
5303111841220095,我来了[心],2026-05-27 09:04:13,山东,0,5303110784519994,7840871520,乃甜晴晴,女,https://weibo.com/u/7840871520
5303111255851716,把试探两个字删掉把你改成我这段话就能发给自己了[语音评论6],2026-05-27 09:01:53,AI罗伯特聪明版,0,5303110784519994,5762999670,评论罗伯特,女,https://weibo.com/u/5762999670
